{
	"tempHash": "00540FA189E4651A",
	"tbluHash": "00EC08E88FC9C7CC",
	"rootEntity": "fffffffffffffffe",
	"entities": {
		"fffffffffffffffe": {
			"parent": null,
			"name": "Scene",
			"factory": "[modules:/zspatialentity.class].pc_entitytype",
			"blueprint": "[modules:/zspatialentity.class].pc_entityblueprint"
		},
		"cafe01d804e8e903": {
			"parent": "fffffffffffffffe",
			"name": "NPCs",
			"factory": "[modules:/zentity.class].pc_entitytype",
			"blueprint": "[modules:/zentity.class].pc_entityblueprint"
		},
		"cafed20540f4be37": {
			"parent": "fffffffffffffffe",
			"name": "objects",
			"factory": "[modules:/zentity.class].pc_entitytype",
			"blueprint": "[modules:/zentity.class].pc_entityblueprint"
		},
		"cafec1afe11b006c": {
			"parent": "cafed20540f4be37",
			"name": "birdhouse_a",
			"factory": "[assembly:/_pro/environment/templates/props/garden_props/garden_props_a.template?/birdhouse_a.entitytemplate].pc_entitytype",
			"blueprint": "[assembly:/_pro/environment/templates/props/garden_props/garden_props_a.template?/birdhouse_a.entitytemplate].pc_entityblueprint",
			"properties": {
				"m_mTransform": {
					"type": "SMatrix43",
					"value": {
						"rotation": {
							"x": -0.0,
							"y": 0.0,
							"z": -146.15693385364415
						},
						"position": {
							"x": 50.167198181152344,
							"y": -211.6313018798828,
							"z": -5.234507083892822
						}
					}
				},
				"m_eidParent": {
					"type": "SEntityTemplateReference",
					"value": {
						"ref": "f73c6d9dc94c2289",
						"externalScene": "[assembly:/_pro/scenes/missions/snug/mission_vanilla.brick].pc_entitytype"
					},
					"postInit": true
				}
			}
		},
		"cafe39afc72ff525": {
			"parent": "fffffffffffffffe",
			"name": "Outfits",
			"factory": "[modules:/zentity.class].pc_entitytype",
			"blueprint": "[modules:/zentity.class].pc_entityblueprint"
		},
		"cafe193d1523365b": {
			"parent": "cafe39afc72ff525",
			"name": "Diana_Burnwood",
			"factory": "[modules:/zglobaloutfitkit.class].pc_entitytype",
			"blueprint": "[modules:/zglobaloutfitkit.class].pc_entityblueprint",
			"properties": {
				"m_sId": {
					"type": "ZGuid",
					"value": "d789b32d-496d-4a64-a048-853d93d8adc1"
				},
				"m_pParentOutfit": {
					"type": "SEntityTemplateReference",
					"value": {
						"ref": "f76365f15c816405",
						"externalScene": "[assembly:/_pro/scenes/bricks/globaldata.brick].pc_entitytype"
					}
				},
				"m_eActorCCClass": {
					"type": "EActorCCPreset",
					"value": "ACCP_CivilianFemale"
				},
				"m_eActorType": {
					"type": "EActorType",
					"value": "eAT_Civilian"
				},
				"m_sCommonName": {
					"type": "ZString",
					"value": "Diana Burnwood"
				},
				"m_sTitle": {
					"type": "ZString",
					"value": "Diana Burnwood"
				},
				"m_DamageMultipliers": {
					"type": "SBodyPartDamageMultipliers",
					"value": {
						"m_fHeadDamageMultiplier": 3.0,
						"m_fFaceDamageMultiplier": 1.5,
						"m_fArmDamageMultiplier": 1.0,
						"m_fLArmDamageScalar": 0.0,
						"m_fRArmDamageScalar": 0.0,
						"m_fHandDamageMultiplier": 0.5,
						"m_fLHandDamageScalar": 0.0,
						"m_fRHandDamageScalar": 0.0,
						"m_fLegDamageMultiplier": 0.6000000238418579,
						"m_fLLegDamageScalar": 0.0,
						"m_fRLegDamageScalar": 0.0,
						"m_fTorsoDamageMultiplier": 1.0,
						"m_bApplyLeftRightScalars": false
					}
				},
				"m_rDescriptionTextResource": {
					"type": "ZRuntimeResourceID",
					"value": {
						"resource": "[assembly:/localization/hitman6/conversations/ui/pro/online/repository/outfits_npcs_raccoon.sweetmenutext?/outfits_raccoon_target_lieutenant_m_description_33caaba6-7e28-4e9c-ad35-8e1d9a3f58f0.sweetline].pc_sweetline",
						"flag": "5F"
					}
				},
				"m_rNameTextResource": {
					"type": "ZRuntimeResourceID",
					"value": {
						"resource": "[assembly:/localization/hitman6/conversations/ui/pro/online/repository/outfits_npcs_raccoon.sweetmenutext?/outfits_raccoon_target_lieutenant_m_name_33caaba6-7e28-4e9c-ad35-8e1d9a3f58f0.sweetline].pc_sweetline",
						"flag": "5F"
					}
				},
				"m_eSoundFootwearType": {
					"type": "EHM5SoundFootwearType",
					"value": "EFWT_HIGH_HEELS"
				},
				"m_rDefaultVoiceVariations": {
					"type": "TArray<EActorVoiceVariation>",
					"value": ["eAVV_CIVFEM10"]
				},
				"m_aCharSets": {
					"type": "TArray<SEntityTemplateReference>",
					"value": ["cafe998cdf8f4888"],
					"postInit": true
				}
			}
		},
		"cafe998cdf8f4888": {
			"parent": "cafe193d1523365b",
			"name": "CHARSET_Diana",
			"factory": "[assembly:/_pro/characters/templates/llama/char_llama_unique.template?/charset_snug_unique_diana_visit_f.entitytemplate].pc_entitytype",
			"blueprint": "[assembly:/_pro/characters/templates/llama/char_llama_unique.template?/charset_snug_unique_diana_visit_f.entitytemplate].pc_entityblueprint"
		},
		"cafe01ad52b25fc4": {
			"parent": "cafe01d804e8e903",
			"name": "CHAR_Diana",
			"factory": "[assembly:/templates/gameplay/ai2/actors.template?/npcactor.entitytemplate].pc_entitytype",
			"blueprint": "[assembly:/templates/gameplay/ai2/actors.template?/npcactor.entitytemplate].pc_entityblueprint",
			"properties": {
				"m_mTransform": {
					"type": "SMatrix43",
					"value": {
						"rotation": {
							"x": -0.0,
							"y": 0.0,
							"z": -10.29357646461643
						},
						"position": {
							"x": 27.08637809753418,
							"y": -191.3760528564453,
							"z": -5.010000705718994
						}
					}
				},
				"RepositoryId": {
					"type": "ZGuid",
					"value": "0e2111f1-d5ab-4a06-90ce-703abd6d3f91"
				},
				"m_OutfitRepositoryID": {
					"type": "ZGuid",
					"value": "d789b32d-496d-4a64-a048-853d93d8adc1"
				},
				"m_nOutfitVariation": { "type": "int32", "value": 0 },
				"m_sActorName": {
					"type": "ZString",
					"value": "Diana Burnwood"
				},
				"m_eGlowOverride": {
					"type": "ERenderGlowTypes",
					"value": "ERENDERGLOWTYPE_CONTRACT_TARGET_SPECIAL"
				},
				"m_bExemptFromAttentionHUD": {
					"type": "bool",
					"value": true
				},
				"m_eRequiredVoiceVariation": {
					"type": "EActorVoiceVariation",
					"value": "eAVV_CIVFEM10"
				},
				"m_InventoryItemKeys": {
					"type": "TArray<SEntityTemplateReference>",
					"value": []
				},
				"m_aEnforcedOutfits": {
					"type": "TArray<SEntityTemplateReference>",
					"value": [],
					"postInit": true
				},
				"m_eidParent": {
					"type": "SEntityTemplateReference",
					"value": "fffffffffffffffe",
					"postInit": true
				}
			},
			"subsets": {
				"AudioEmitters": ["fffffffffffffffe"],
				"Replicable": ["fffffffffffffffe"]
			}
		},
		"cafe1064750d06b7": {
			"parent": "cafe8dc431232963",
			"name": "Talking",
			"factory": "[assembly:/_pro/design/logic/valuebool.template?/valuebool_basic.entitytemplate].pc_entitytype",
			"blueprint": "[assembly:/_pro/design/logic/valuebool.template?/valuebool_basic.entitytemplate].pc_entityblueprint"
		},
		"cafe8dc431232963": {
			"parent": "cafe23340d02a640",
			"name": "Diana",
			"factory": "[assembly:/_pro/design/actor/dramasystem2.template?/dramasituation.entitytemplate].pc_entitytype",
			"blueprint": "[assembly:/_pro/design/actor/dramasystem2.template?/dramasituation.entitytemplate].pc_entityblueprint",
			"properties": {
				"m_aRoles": {
					"type": "TArray<SEntityTemplateReference>",
					"value": ["cafe12c39b36335f"]
				},
				"m_nBasePriority": { "type": "int32", "value": 10 },
				"m_aHigherPriority": {
					"type": "TArray<SEntityTemplateReference>",
					"value": [],
					"postInit": true
				}
			}
		},
		"cafee68ef3d798c0": {
			"parent": "cafe8dc431232963",
			"name": "DramaSituation2Proxy",
			"factory": "[assembly:/_pro/design/actor/dramasystem2.template?/dramasituationproxy.entitytemplate].pc_entitytype",
			"blueprint": "[assembly:/_pro/design/actor/dramasystem2.template?/dramasituationproxy.entitytemplate].pc_entityblueprint",
			"properties": {
				"m_rOriginalDrama": {
					"type": "SEntityTemplateReference",
					"value": "cafe8dc431232963"
				}
			},
			"events": { "OnStart": { "Start": ["cafee1a4955a9c38"] } }
		},
		"cafe98dd30edea2f": {
			"parent": "cafe23340d02a640",
			"name": "HM Close",
			"factory": "[assembly:/_pro/design/logic.template?/distancetriggercharacter.entitytemplate].pc_entitytype",
			"blueprint": "[assembly:/_pro/design/logic.template?/distancetriggercharacter.entitytemplate].pc_entityblueprint",
			"properties": {
				"m_fRadius": { "type": "float32", "value": 17.0 },
				"m_eidParent": {
					"type": "SEntityTemplateReference",
					"value": "cafe01ad52b25fc4",
					"postInit": true
				}
			}
		},
		"cafe9a1e39761c27": {
			"parent": "cafe6da681054cdd",
			"name": "Any Drama Active",
			"factory": "[assembly:/_pro/design/logic/valuebool.template?/valuebool_operation.entitytemplate].pc_entitytype",
			"blueprint": "[assembly:/_pro/design/logic/valuebool.template?/valuebool_operation.entitytemplate].pc_entityblueprint",
			"properties": {
				"m_aValues": {
					"type": "TArray<SEntityTemplateReference>",
					"value": ["cafe8dc431232963"]
				},
				"m_eEvaluation": {
					"type": "ZValueBool_Operation_Signal.EEvaluationType",
					"value": "ANY"
				}
			}
		},
		"cafe6da681054cdd": {
			"parent": "cafe23340d02a640",
			"name": "Drama Active",
			"factory": "[assembly:/_pro/design/actor/spsystem.template?/enableconditions.entitytemplate].pc_entitytype",
			"blueprint": "[assembly:/_pro/design/actor/spsystem.template?/enableconditions.entitytemplate].pc_entityblueprint",
			"properties": {
				"m_aValues": {
					"type": "TArray<SEntityTemplateReference>",
					"value": ["cafe9a1e39761c27"],
					"postInit": true
				}
			}
		},
		"cafe23340d02a640": {
			"parent": "cafe01ad52b25fc4",
			"name": "Core loop",
			"factory": "[modules:/zentity.class].pc_entitytype",
			"blueprint": "[modules:/zentity.class].pc_entityblueprint",
			"properties": {
				"m_aHigherPriority": {
					"type": "TArray<SEntityTemplateReference>",
					"value": []
				}
			},
			"propertyAliases": {
				"m_aHigherPriority": [
					{
						"originalProperty": "m_aHigherPriority",
						"originalEntity": "cafe8dc431232963"
					}
				]
			},
			"exposedEntities": {},
			"exposedInterfaces": { "ZValueBoolBasic": "cafe6da681054cdd" }
		},
		"cafec37b2bb6167e": {
			"parent": "cafe8dc431232963",
			"name": "Act_MR_Stand_Basic",
			"factory": "00251CC86224019D",
			"blueprint": "005C75C0C3B1863A",
			"properties": {
				"m_mTransform": {
					"type": "SMatrix43",
					"value": {
						"rotation": {
							"x": -0.0,
							"y": 0.0,
							"z": -66.6747780683511
						},
						"position": {
							"x": 25.18836784362793,
							"y": -181.82701110839844,
							"z": -10.947461128234863
						}
					}
				},
				"m_fActTimeout": { "type": "float32", "value": 3.0 },
				"m_bAlignPosition": { "type": "bool", "value": false },
				"m_pActor": {
					"type": "SEntityTemplateReference",
					"value": "cafe12c39b36335f",
					"postInit": true
				},
				"m_eidParent": {
					"type": "SEntityTemplateReference",
					"value": "fffffffffffffffe",
					"postInit": true
				}
			},
			"events": { "OnActTimeout": { "Start": ["cafee1a4955a9c38"] } }
		},
		"cafeb1ef117e367e": {
			"parent": "cafe8dc431232963",
			"name": "Act_MR_Stand_Basic1",
			"factory": "00251CC86224019D",
			"blueprint": "005C75C0C3B1863A",
			"properties": {
				"m_mTransform": {
					"type": "SMatrix43",
					"value": {
						"rotation": {
							"x": -0.0,
							"y": 0.0,
							"z": 92.14728575093768
						},
						"position": {
							"x": 22.463645935058594,
							"y": -181.4902801513672,
							"z": -10.950000762939451
						}
					}
				},
				"m_fActTimeout": { "type": "float32", "value": 3.0 },
				"m_bAlignPosition": { "type": "bool", "value": false },
				"m_pActor": {
					"type": "SEntityTemplateReference",
					"value": "cafe12c39b36335f",
					"postInit": true
				},
				"m_eidParent": {
					"type": "SEntityTemplateReference",
					"value": "fffffffffffffffe",
					"postInit": true
				}
			},
			"events": { "OnActTimeout": { "Start": ["cafea538315070ed"] } }
		},
		"cafe12c39b36335f": {
			"parent": "cafe8dc431232963",
			"name": "Diana",
			"factory": "[assembly:/_pro/design/actor/dramasystem2.template?/role.entitytemplate].pc_entitytype",
			"blueprint": "[assembly:/_pro/design/actor/dramasystem2.template?/role.entitytemplate].pc_entityblueprint",
			"properties": {
				"m_rActorProvider": {
					"type": "SEntityTemplateReference",
					"value": "cafe01ad52b25fc4",
					"postInit": true
				}
			}
		},
		"cafe9bee5d048605": {
			"parent": "cafe01d804e8e903",
			"name": "CHAR_AgentSmith",
			"factory": "[assembly:/templates/gameplay/ai2/actors.template?/npcactor.entitytemplate].pc_entitytype",
			"blueprint": "[assembly:/templates/gameplay/ai2/actors.template?/npcactor.entitytemplate].pc_entityblueprint",
			"properties": {
				"m_mTransform": {
					"type": "SMatrix43",
					"value": {
						"rotation": {
							"x": -0.0,
							"y": 0.0,
							"z": 71.34332223477314
						},
						"position": {
							"x": 61.89271545410156,
							"y": -167.2841033935547,
							"z": -10.879292488098145
						}
					}
				},
				"RepositoryId": {
					"type": "ZGuid",
					"value": "ff03d5cb-6f3b-4233-808f-368905a21a82"
				},
				"m_OutfitRepositoryID": {
					"type": "ZGuid",
					"value": "03aadf51-0435-4e9f-b7e1-240d851c8fd0"
				},
				"m_nOutfitVariation": { "type": "int32", "value": 0 },
				"m_sActorName": {
					"type": "ZString",
					"value": "Agent Smith"
				},
				"m_eGlowOverride": {
					"type": "ERenderGlowTypes",
					"value": "ERENDERGLOWTYPE_CONTRACT_TARGET_SPECIAL"
				},
				"m_bExemptFromAttentionHUD": {
					"type": "bool",
					"value": true
				},
				"m_eRequiredVoiceVariation": {
					"type": "EActorVoiceVariation",
					"value": "eAVV_SPECOPS01"
				},
				"m_InventoryItemKeys": {
					"type": "TArray<SEntityTemplateReference>",
					"value": []
				},
				"m_aEnforcedOutfits": {
					"type": "TArray<SEntityTemplateReference>",
					"value": [],
					"postInit": true
				},
				"m_eidParent": {
					"type": "SEntityTemplateReference",
					"value": "fffffffffffffffe",
					"postInit": true
				}
			},
			"subsets": {
				"AudioEmitters": ["fffffffffffffffe"],
				"Replicable": ["fffffffffffffffe"]
			}
		},
		"cafe6e8e44d06777": {
			"parent": "cafe65545c946842",
			"name": "Agent Smith",
			"factory": "[assembly:/_pro/design/actor/dramasystem2.template?/role.entitytemplate].pc_entitytype",
			"blueprint": "[assembly:/_pro/design/actor/dramasystem2.template?/role.entitytemplate].pc_entityblueprint",
			"properties": {
				"m_rActorProvider": {
					"type": "SEntityTemplateReference",
					"value": "cafe9bee5d048605",
					"postInit": true
				}
			}
		},
		"cafedd8a6c517243": {
			"parent": "cafe65545c946842",
			"name": "Talking",
			"factory": "[assembly:/_pro/design/logic/valuebool.template?/valuebool_basic.entitytemplate].pc_entitytype",
			"blueprint": "[assembly:/_pro/design/logic/valuebool.template?/valuebool_basic.entitytemplate].pc_entityblueprint"
		},
		"cafe65545c946842": {
			"parent": "cafe585393fc0554",
			"name": "Agentsmith",
			"factory": "[assembly:/_pro/design/actor/dramasystem2.template?/dramasituation.entitytemplate].pc_entitytype",
			"blueprint": "[assembly:/_pro/design/actor/dramasystem2.template?/dramasituation.entitytemplate].pc_entityblueprint",
			"properties": {
				"m_aRoles": {
					"type": "TArray<SEntityTemplateReference>",
					"value": ["cafe6e8e44d06777"]
				},
				"m_nBasePriority": { "type": "int32", "value": 10 },
				"m_aHigherPriority": {
					"type": "TArray<SEntityTemplateReference>",
					"value": [],
					"postInit": true
				}
			}
		},
		"cafe0a2e819c0c03": {
			"parent": "cafe65545c946842",
			"name": "DramaSituation2Proxy",
			"factory": "[assembly:/_pro/design/actor/dramasystem2.template?/dramasituationproxy.entitytemplate].pc_entitytype",
			"blueprint": "[assembly:/_pro/design/actor/dramasystem2.template?/dramasituationproxy.entitytemplate].pc_entityblueprint",
			"properties": {
				"m_rOriginalDrama": {
					"type": "SEntityTemplateReference",
					"value": "cafe65545c946842"
				}
			},
			"events": { "OnStart": { "Start": ["cafed0405fe32d3c"] } }
		},
		"cafef5bbd0f037fd": {
			"parent": "cafe585393fc0554",
			"name": "HM Close",
			"factory": "[assembly:/_pro/design/logic.template?/distancetriggercharacter.entitytemplate].pc_entitytype",
			"blueprint": "[assembly:/_pro/design/logic.template?/distancetriggercharacter.entitytemplate].pc_entityblueprint",
			"properties": {
				"m_fRadius": { "type": "float32", "value": 17.0 },
				"m_eidParent": {
					"type": "SEntityTemplateReference",
					"value": "cafe9bee5d048605",
					"postInit": true
				}
			}
		},
		"cafee32a3456481a": {
			"parent": "cafed7682a09411a",
			"name": "Any Drama Active",
			"factory": "[assembly:/_pro/design/logic/valuebool.template?/valuebool_operation.entitytemplate].pc_entitytype",
			"blueprint": "[assembly:/_pro/design/logic/valuebool.template?/valuebool_operation.entitytemplate].pc_entityblueprint",
			"properties": {
				"m_aValues": {
					"type": "TArray<SEntityTemplateReference>",
					"value": ["cafe65545c946842"]
				},
				"m_eEvaluation": {
					"type": "ZValueBool_Operation_Signal.EEvaluationType",
					"value": "ANY"
				}
			}
		},
		"cafed7682a09411a": {
			"parent": "cafe585393fc0554",
			"name": "Drama Active",
			"factory": "[assembly:/_pro/design/actor/spsystem.template?/enableconditions.entitytemplate].pc_entitytype",
			"blueprint": "[assembly:/_pro/design/actor/spsystem.template?/enableconditions.entitytemplate].pc_entityblueprint",
			"properties": {
				"m_aValues": {
					"type": "TArray<SEntityTemplateReference>",
					"value": ["cafee32a3456481a"],
					"postInit": true
				}
			}
		},
		"cafe585393fc0554": {
			"parent": "cafe9bee5d048605",
			"name": "Core loop",
			"factory": "[modules:/zentity.class].pc_entitytype",
			"blueprint": "[modules:/zentity.class].pc_entityblueprint",
			"properties": {
				"m_aHigherPriority": {
					"type": "TArray<SEntityTemplateReference>",
					"value": []
				}
			},
			"propertyAliases": {
				"m_aHigherPriority": [
					{
						"originalProperty": "m_aHigherPriority",
						"originalEntity": "cafe65545c946842"
					}
				]
			},
			"exposedEntities": {},
			"exposedInterfaces": { "ZValueBoolBasic": "cafed7682a09411a" }
		},
		"cafed0405fe32d3c": {
			"parent": "cafe65545c946842",
			"name": "Act_MR_Stand_Basic",
			"factory": "00251CC86224019D",
			"blueprint": "005C75C0C3B1863A",
			"properties": {
				"m_mTransform": {
					"type": "SMatrix43",
					"value": {
						"rotation": {
							"x": -0.0,
							"y": 0.0,
							"z": 63.35999922067959
						},
						"position": {
							"x": 8.724924087524414,
							"y": -182.6906890869141,
							"z": -10.962309837341309
						}
					}
				},
				"m_fActTimeout": { "type": "float32", "value": 3.0 },
				"m_bAlignPosition": { "type": "bool", "value": false },
				"m_pActor": {
					"type": "SEntityTemplateReference",
					"value": "cafe6e8e44d06777",
					"postInit": true
				},
				"m_eidParent": {
					"type": "SEntityTemplateReference",
					"value": "fffffffffffffffe",
					"postInit": true
				}
			},
			"events": { "OnActTimeout": { "Start": ["cafeb363ae817dd0"] } }
		},
		"cafef3b2277bfa3b": {
			"parent": "cafe65545c946842",
			"name": "Act_MR_Stand_Basic1",
			"factory": "00251CC86224019D",
			"blueprint": "005C75C0C3B1863A",
			"properties": {
				"m_mTransform": {
					"type": "SMatrix43",
					"value": {
						"rotation": {
							"x": -0.0,
							"y": 0.0,
							"z": -139.9005421117507
						},
						"position": {
							"x": 25.758350372314453,
							"y": -180.0794219970703,
							"z": -10.950000762939451
						}
					}
				},
				"m_fActTimeout": { "type": "float32", "value": 8.0 },
				"m_bAlignPosition": { "type": "bool", "value": false },
				"m_pActor": {
					"type": "SEntityTemplateReference",
					"value": "cafe6e8e44d06777",
					"postInit": true
				},
				"m_eidParent": {
					"type": "SEntityTemplateReference",
					"value": "fffffffffffffffe",
					"postInit": true
				}
			},
			"events": { "OnActTimeout": { "Start": ["cafeafdb74785c14"] } }
		},
		"cafebdb185a9dac3": {
			"parent": "cafe65545c946842",
			"name": "Act_MR_Stand_Lean_Back_Smoke_Wall",
			"factory": "00E03F07F21AFFFE",
			"blueprint": "00C7A9A210CB45BD",
			"properties": {
				"m_mTransform": {
					"type": "SMatrix43",
					"value": {
						"rotation": {
							"x": -0.0,
							"y": 0.0,
							"z": 77.09449457178437
						},
						"position": {
							"x": 9.882986068725586,
							"y": -170.0815887451172,
							"z": -11.00525188446045
						}
					}
				},
				"m_pActor": {
					"type": "SEntityTemplateReference",
					"value": "cafe6e8e44d06777",
					"postInit": true
				},
				"m_eidParent": {
					"type": "SEntityTemplateReference",
					"value": "fffffffffffffffe",
					"postInit": true
				},
				"m_fActTimeout": { "type": "float32", "value": 40 }
			},
			"events": {
				"OnActTimeout": { "Start": ["cafeb6b7d3f6b569"] }
			},
			"subsets": { "Replicable": ["fffffffffffffffe"] }
		},
		"cafe6e1da6719b11": {
			"parent": "cafe39afc72ff525",
			"name": "Agent_Smith",
			"factory": "[modules:/zglobaloutfitkit.class].pc_entitytype",
			"blueprint": "[modules:/zglobaloutfitkit.class].pc_entityblueprint",
			"properties": {
				"m_sId": {
					"type": "ZGuid",
					"value": "03aadf51-0435-4e9f-b7e1-240d851c8fd0"
				},
				"m_pParentOutfit": {
					"type": "SEntityTemplateReference",
					"value": {
						"ref": "6736fcbbd3e73209",
						"externalScene": "[assembly:/_pro/scenes/bricks/globaldata.brick].pc_entitytype"
					}
				},
				"m_eActorCCClass": {
					"type": "EActorCCPreset",
					"value": "ACCP_CivilianeMale"
				},
				"m_eActorType": {
					"type": "EActorType",
					"value": "eAT_Civilian"
				},
				"m_sCommonName": {
					"type": "ZString",
					"value": "Agent Smith"
				},
				"m_sTitle": { "type": "ZString", "value": "Agent Smith" },
				"m_DamageMultipliers": {
					"type": "SBodyPartDamageMultipliers",
					"value": {
						"m_fHeadDamageMultiplier": 3.0,
						"m_fFaceDamageMultiplier": 1.5,
						"m_fArmDamageMultiplier": 1.0,
						"m_fLArmDamageScalar": 0.0,
						"m_fRArmDamageScalar": 0.0,
						"m_fHandDamageMultiplier": 0.5,
						"m_fLHandDamageScalar": 0.0,
						"m_fRHandDamageScalar": 0.0,
						"m_fLegDamageMultiplier": 0.6000000238418579,
						"m_fLLegDamageScalar": 0.0,
						"m_fRLegDamageScalar": 0.0,
						"m_fTorsoDamageMultiplier": 1.0,
						"m_bApplyLeftRightScalars": false
					}
				},
				"m_rDescriptionTextResource": {
					"type": "ZRuntimeResourceID",
					"value": {
						"resource": "[assembly:/localization/hitman6/conversations/ui/pro/online/repository/outfits_npcs_raccoon.sweetmenutext?/outfits_raccoon_target_lieutenant_m_description_33caaba6-7e28-4e9c-ad35-8e1d9a3f58f0.sweetline].pc_sweetline",
						"flag": "5F"
					}
				},
				"m_rNameTextResource": {
					"type": "ZRuntimeResourceID",
					"value": {
						"resource": "[assembly:/localization/hitman6/conversations/ui/pro/online/repository/outfits_npcs_raccoon.sweetmenutext?/outfits_raccoon_target_lieutenant_m_name_33caaba6-7e28-4e9c-ad35-8e1d9a3f58f0.sweetline].pc_sweetline",
						"flag": "5F"
					}
				},
				"m_eSoundFootwearType": {
					"type": "EHM5SoundFootwearType",
					"value": "EFWT_LEATHER"
				},
				"m_rDefaultVoiceVariations": {
					"type": "TArray<EActorVoiceVariation>",
					"value": ["eAVV_SPECOPS01"]
				},
				"m_aCharSets": {
					"type": "TArray<SEntityTemplateReference>",
					"value": ["cafea792b6314e50"],
					"postInit": true
				}
			}
		},
		"cafea792b6314e50": {
			"parent": "cafe6e1da6719b11",
			"name": "CHARSET_AgentSmith",
			"factory": "[assembly:/_pro/characters/templates/snug/visitor.template?/charset_visitor_agentsmith_m.entitytemplate].pc_entitytype",
			"blueprint": "[assembly:/_pro/characters/templates/snug/visitor.template?/charset_visitor_agentsmith_m.entitytemplate].pc_entityblueprint"
		},
		"cafefceac38ccd49": {
			"parent": "fffffffffffffffe",
			"name": "Global logic ",
			"factory": "[modules:/zentity.class].pc_entitytype",
			"blueprint": "[modules:/zentity.class].pc_entityblueprint"
		},
		"cafeb6b7d3f6b569": {
			"parent": "cafe65545c946842",
			"name": "Act_FR_Lie_SunBed_Right",
			"factory": "0032E7299FC2492B",
			"blueprint": "006566B1A2C17E57",
			"properties": {
				"m_mTransform": {
					"type": "SMatrix43",
					"value": {
						"rotation": {
							"x": -0.0,
							"y": 0.0,
							"z": 37.51095159122833
						},
						"position": {
							"x": 7.476061820983887,
							"y": -185.72862243652344,
							"z": -10.5523099899292
						}
					}
				},
				"m_fActTimeout": { "type": "float32", "value": 56.0 },
				"m_pActor": {
					"type": "SEntityTemplateReference",
					"value": "cafe6e8e44d06777",
					"postInit": true
				},
				"m_eidParent": {
					"type": "SEntityTemplateReference",
					"value": "fffffffffffffffe",
					"postInit": true
				}
			},
			"events": { "OnActTimeout": { "Start": ["cafed0405fe32d3c"] } }
		},
		"cafef6c588158708": {
			"parent": "cafe9bee5d048605",
			"name": "AIModifierActor",
			"factory": "[modules:/zaimodifieractor.class].pc_entitytype",
			"blueprint": "[modules:/zaimodifieractor.class].pc_entityblueprint",
			"properties": {
				"m_bIgnoreLowNoise": { "type": "bool", "value": true },
				"m_bIgnoreSillyHitman": { "type": "bool", "value": true },
				"m_bIgnoreAnnoyingHitman": {
					"type": "bool",
					"value": true
				},
				"m_bIgnoreDistractions": { "type": "bool", "value": true },
				"m_bIgnoreAccidents": { "type": "bool", "value": true },
				"m_bIgnoreDeadBodies": { "type": "bool", "value": true },
				"m_bIgnoreWeapons": { "type": "bool", "value": true },
				"m_bIgnoreTrespassing": { "type": "bool", "value": true },
				"m_bIgnoreLockdown": { "type": "bool", "value": true },
				"m_bDisableHelpCivilian": {
					"type": "bool",
					"value": true
				},
				"m_bSuppressSocialGreeting": {
					"type": "bool",
					"value": true
				},
				"m_bDeafAndBlind": { "type": "bool", "value": true },
				"m_bNeverSpectate": { "type": "bool", "value": true },
				"m_pActor": {
					"type": "SEntityTemplateReference",
					"value": "cafe9bee5d048605",
					"postInit": true
				}
			}
		},
		"cafeadf34657443d": {
			"parent": "cafe01ad52b25fc4",
			"name": "AIModifierActor",
			"factory": "[modules:/zaimodifieractor.class].pc_entitytype",
			"blueprint": "[modules:/zaimodifieractor.class].pc_entityblueprint",
			"properties": {
				"m_bIgnoreLowNoise": { "type": "bool", "value": true },
				"m_bIgnoreSillyHitman": { "type": "bool", "value": true },
				"m_bIgnoreAnnoyingHitman": {
					"type": "bool",
					"value": true
				},
				"m_bIgnoreDistractions": { "type": "bool", "value": true },
				"m_bIgnoreAccidents": { "type": "bool", "value": true },
				"m_bIgnoreDeadBodies": { "type": "bool", "value": true },
				"m_bIgnoreWeapons": { "type": "bool", "value": true },
				"m_bIgnoreTrespassing": { "type": "bool", "value": true },
				"m_bIgnoreLockdown": { "type": "bool", "value": true },
				"m_bDisableHelpCivilian": {
					"type": "bool",
					"value": true
				},
				"m_bSuppressSocialGreeting": {
					"type": "bool",
					"value": true
				},
				"m_bDeafAndBlind": { "type": "bool", "value": true },
				"m_bNeverSpectate": { "type": "bool", "value": true },
				"m_pActor": {
					"type": "SEntityTemplateReference",
					"value": "cafe01ad52b25fc4",
					"postInit": true
				}
			}
		},
		"cafe0acef4084081": {
			"parent": "cafe9bee5d048605",
			"name": "GameEventListener",
			"factory": "[modules:/zgameeventlistenerentity.class].pc_entitytype",
			"blueprint": "[modules:/zgameeventlistenerentity.class].pc_entityblueprint",
			"events": { "EventOccurred": { "Set": ["cafef6c588158708"] } }
		},
		"cafe17c0ae33b373": {
			"parent": "cafe01ad52b25fc4",
			"name": "GameEventListener",
			"factory": "[modules:/zgameeventlistenerentity.class].pc_entitytype",
			"blueprint": "[modules:/zgameeventlistenerentity.class].pc_entityblueprint",
			"events": { "EventOccurred": { "Set": ["cafeadf34657443d"] } }
		},
		"cafea538315070ed": {
			"parent": "cafe8dc431232963",
			"name": "Act_FR_Stand_Phone_Text_Pacing",
			"factory": "003386392E1086F4",
			"blueprint": "00A61DCF875B24DF",
			"properties": {
				"m_mTransform": {
					"type": "SMatrix43",
					"value": {
						"rotation": {
							"x": -0.0,
							"y": 0.0,
							"z": -8.291169506856779
						},
						"position": {
							"x": 23.141355514526367,
							"y": -186.18994140625,
							"z": -10.950000762939451
						}
					}
				},
				"m_AlignRotation": {
					"type": "ZActBehaviorEntity.ERotationAlignment",
					"value": "RA_LOOSE"
				},
				"m_MovementType": {
					"type": "ZActBehaviorEntity.EMovementType",
					"value": "MT_WALK"
				},
				"m_pActor": {
					"type": "SEntityTemplateReference",
					"value": "cafe12c39b36335f",
					"postInit": true
				},
				"m_eidParent": {
					"type": "SEntityTemplateReference",
					"value": "fffffffffffffffe",
					"postInit": true
				},
				"m_fActTimeout": { "type": "float32", "value": 20 }
			},
			"events": {
				"OnActTimeout": { "Start": ["cafecfad4878fd93"] }
			},
			"subsets": { "Replicable": ["fffffffffffffffe"] }
		},
		"cafee2aeca152f6a": {
			"parent": "cafe8dc431232963",
			"name": "Act_FR_Stand_ArmsCrossed_LookUp_Screen",
			"factory": "005F5CEAA71D60A6",
			"blueprint": "00E19288F78607FB",
			"properties": {
				"m_mTransform": {
					"type": "SMatrix43",
					"value": {
						"rotation": {
							"x": -0.0,
							"y": 0.0,
							"z": -3.537011153981995
						},
						"position": {
							"x": 28.72651481628418,
							"y": -176.5257568359375,
							"z": -10.95000171661377
						}
					}
				},
				"m_pActor": {
					"type": "SEntityTemplateReference",
					"value": "cafe12c39b36335f",
					"postInit": true
				},
				"m_MovementType": {
					"type": "ZActBehaviorEntity.EMovementType",
					"value": "MT_WALK"
				},
				"m_eidParent": {
					"type": "SEntityTemplateReference",
					"value": "fffffffffffffffe",
					"postInit": true
				},
				"m_fActTimeout": { "type": "float32", "value": 20.0 }
			},
			"events": { "OnActTimeout": { "Start": ["cafec37b2bb6167e"] } }
		},
		"cafee1a4955a9c38": {
			"parent": "cafe8dc431232963",
			"name": "Act_FR_Stand_Type_Keyboard_100cm",
			"factory": "[assembly:/_pro/design/actor/acts/fr.template?/act_fr_stand_type_keyboard_100cm.entitytemplate].pc_entitytype",
			"blueprint": "[assembly:/_pro/design/actor/acts/fr.template?/act_fr_stand_type_keyboard_100cm.entitytemplate].pc_entityblueprint",
			"properties": {
				"m_mTransform": {
					"type": "SMatrix43",
					"value": {
						"rotation": {
							"x": -0.0,
							"y": 0.0,
							"z": -163.65723931321506
						},
						"position": {
							"x": 25.918249130249023,
							"y": -184.73423767089844,
							"z": -5.000000953674316
						}
					}
				},
				"m_pActor": {
					"type": "SEntityTemplateReference",
					"value": "cafe12c39b36335f",
					"postInit": true
				},
				"m_eidParent": {
					"type": "SEntityTemplateReference",
					"value": "fffffffffffffffe",
					"postInit": true
				},
				"m_fActTimeout": { "type": "float32", "value": 50 }
			},
			"events": { "OnActTimeout": { "Start": ["cafe749582feb99f"] } }
		},
		"cafeafdb74785c14": {
			"parent": "cafe65545c946842",
			"name": "Act_MR_Stand_Mirror_FreshenUp",
			"factory": "[assembly:/_pro/design/actor/acts/levels/hokkaido.template?/act_mr_stand_mirror_freshenup.entitytemplate].pc_entitytype",
			"blueprint": "[assembly:/_pro/design/actor/acts/levels/hokkaido.template?/act_mr_stand_mirror_freshenup.entitytemplate].pc_entityblueprint",
			"properties": {
				"m_mTransform": {
					"type": "SMatrix43",
					"value": {
						"rotation": {
							"x": -0.0,
							"y": 0.0,
							"z": -2.6306129050091127
						},
						"position": {
							"x": 22.883020401000977,
							"y": -163.08937072753906,
							"z": -10.926791191101074
						}
					}
				},
				"m_pActor": {
					"type": "SEntityTemplateReference",
					"value": "cafe6e8e44d06777",
					"postInit": true
				},
				"m_eidParent": {
					"type": "SEntityTemplateReference",
					"value": "fffffffffffffffe",
					"postInit": true
				},
				"m_fActTimeout": { "type": "float32", "value": 15.0 }
			},
			"events": { "OnActTimeout": { "Start": ["cafe3f307d02f92d"] } }
		},
		"cafe3f307d02f92d": {
			"parent": "cafe65545c946842",
			"name": "Act_MR_Stand_Inspect_Front",
			"factory": "[assembly:/_pro/design/actor/acts/mr.template?/act_mr_stand_inspect_front.entitytemplate].pc_entitytype",
			"blueprint": "[assembly:/_pro/design/actor/acts/mr.template?/act_mr_stand_inspect_front.entitytemplate].pc_entityblueprint",
			"properties": {
				"m_mTransform": {
					"type": "SMatrix43",
					"value": {
						"rotation": {
							"x": -0.0,
							"y": 0.0,
							"z": -92.34081741613056
						},
						"position": {
							"x": 27.73727035522461,
							"y": -187.31948852539065,
							"z": -10.950000762939451
						}
					}
				},
				"m_pActor": {
					"type": "SEntityTemplateReference",
					"value": "cafe6e8e44d06777",
					"postInit": true
				},
				"m_eidParent": {
					"type": "SEntityTemplateReference",
					"value": "fffffffffffffffe",
					"postInit": true
				},
				"m_fActTimeout": { "type": "float32", "value": 20 }
			},
			"events": { "OnActTimeout": { "Start": ["cafebdb185a9dac3"] } }
		},
		"cafe749582feb99f": {
			"parent": "cafe8dc431232963",
			"name": "Act_FR_Stand_Lean_Forward_100cm",
			"factory": "00CFC2EC7F165758",
			"blueprint": "006B7E4AF4CC22DE",
			"properties": {
				"m_fActTimeout": { "type": "float32", "value": 20.0 },
				"m_mTransform": {
					"type": "SMatrix43",
					"value": {
						"rotation": {
							"x": -0.0,
							"y": 0.0,
							"z": 91.48398352558748
						},
						"position": {
							"x": 22.002809524536133,
							"y": -183.27655029296875,
							"z": -5.000000953674316
						}
					}
				},
				"m_pActor": {
					"type": "SEntityTemplateReference",
					"value": "cafe12c39b36335f",
					"postInit": true
				},
				"m_eidParent": {
					"type": "SEntityTemplateReference",
					"value": "fffffffffffffffe",
					"postInit": true
				}
			},
			"events": { "OnActTimeout": { "Start": ["cafeb1ef117e367e"] } }
		},
		"cafeb363ae817dd0": {
			"parent": "cafe65545c946842",
			"name": "Act_MR_Stand_Look_Binoculars",
			"factory": "[assembly:/_pro/design/actor/acts/mr.template?/act_mr_stand_look_binoculars.entitytemplate].pc_entitytype",
			"blueprint": "[assembly:/_pro/design/actor/acts/mr.template?/act_mr_stand_look_binoculars.entitytemplate].pc_entityblueprint",
			"properties": {
				"m_mTransform": {
					"type": "SMatrix43",
					"value": {
						"rotation": {
							"x": -0.0,
							"y": 0.0,
							"z": 66.99999259493016
						},
						"position": {
							"x": 17.17589569091797,
							"y": -164.8394775390625,
							"z": 0.28418177366256714
						}
					}
				},
				"m_fActTimeout": { "type": "float32", "value": 40 },
				"m_pActor": {
					"type": "SEntityTemplateReference",
					"value": "cafe6e8e44d06777",
					"postInit": true
				},
				"m_eidParent": {
					"type": "SEntityTemplateReference",
					"value": "fffffffffffffffe",
					"postInit": true
				}
			},
			"events": {
				"OnActTimeout": { "Start": ["cafef3b2277bfa3b"] }
			},
			"subsets": {
				"AudioEmitters": ["fffffffffffffffe"],
				"Replicable": ["fffffffffffffffe"]
			}
		},
		"cafecfad4878fd93": {
			"parent": "cafe8dc431232963",
			"name": "Act_FR_Stand_ArmsCrossed",
			"factory": "004A9C0ECAD2AD8E",
			"blueprint": "004E605D09DA0A8A",
			"properties": {
				"m_mTransform": {
					"type": "SMatrix43",
					"value": {
						"rotation": {
							"x": -0.0,
							"y": 0.0,
							"z": 37.42921704689595
						},
						"position": {
							"x": 21.42136001586914,
							"y": -194.8884735107422,
							"z": -11.00525188446045
						}
					}
				},
				"m_pActor": {
					"type": "SEntityTemplateReference",
					"value": "cafe12c39b36335f",
					"postInit": true
				},
				"m_eidParent": {
					"type": "SEntityTemplateReference",
					"value": "fffffffffffffffe",
					"postInit": true
				},
				"m_fActTimeout": { "type": "float32", "value": 25 }
			},
			"events": { "OnActTimeout": { "Start": ["cafee2aeca152f6a"] } }
		}
	},
	"propertyOverrides": [],
	"overrideDeletes": [],
	"pinConnectionOverrides": [],
	"pinConnectionOverrideDeletes": [],
	"externalScenes": [
		"[assembly:/_pro/scenes/missions/snug/mission_vanilla.brick].pc_entitytype",
		"[assembly:/_pro/scenes/missions/snug/scenario_vanilla.brick].pc_entitytype",
		"[assembly:/_pro/scenes/bricks/globaldata.brick].pc_entitytype"
	],
	"subType": "brick",
	"quickEntityVersion": 3.1,
	"extraFactoryDependencies": [],
	"extraBlueprintDependencies": [],
	"comments": []
}
