{
	"tempHash": "000E2ED180074866",
	"tbluHash": "00FC713AFB6ADA3F",
	"rootEntity": "3083ca99ca262045",
	"entities": {
		"f9f50add20c1e762": {
			"parent": "9e5aff04f6054963",
			"name": "C_Spine1",
			"factory": "[assembly:/templates/aspectdummy.aspect]([modules:/zclothcapsule.class].entitytype,[modules:/zboneattachaspect.class].entitytype).pc_entitytype",
			"blueprint": "[assembly:/templates/aspectdummy.aspect]([modules:/zclothcapsule.class].entitytype,[modules:/zboneattachaspect.class].entitytype).pc_entityblueprint",
			"properties": {
				"m_BoneName": { "type": "ZString", "value": "Spine1" },
				"m_linkedEntity": {
					"type": "SEntityTemplateReference",
					"value": null
				},
				"m_fRadiusX": {
					"type": "float32",
					"value": 0.20000000298023224
				},
				"m_fRadiusY": {
					"type": "float32",
					"value": 0.0949999988079071
				},
				"m_fTop": {
					"type": "float32",
					"value": 0.009999999776482582
				},
				"m_fBottom": { "type": "float32", "value": 0.0 },
				"m_fRadiusZ": {
					"type": "float32",
					"value": 0.119999997317791
				},
				"m_bEnableBottomRadii": { "type": "bool", "value": false },
				"m_fRadiusXBottom": { "type": "float32", "value": 1.0 },
				"m_fRadiusYBottom": { "type": "float32", "value": 1.0 },
				"m_fRadiusZBottom": { "type": "float32", "value": 1.0 },
				"m_mTransform": {
					"type": "SMatrix43",
					"value": {
						"rotation": { "x": -0.0, "y": 0.0, "z": -0.0 },
						"position": { "x": 0.0, "y": 0.0, "z": 0.0 }
					}
				},
				"m_eidParent": {
					"type": "SEntityTemplateReference",
					"value": "9e5aff04f6054963",
					"postInit": true
				}
			}
		},
		"7662e5f00af548f3": {
			"parent": "9e5aff04f6054963",
			"name": "C_Calf_L",
			"factory": "[assembly:/templates/aspectdummy.aspect]([modules:/zclothsphere.class].entitytype,[modules:/zboneattachaspect.class].entitytype).pc_entitytype",
			"blueprint": "[assembly:/templates/aspectdummy.aspect]([modules:/zclothsphere.class].entitytype,[modules:/zboneattachaspect.class].entitytype).pc_entityblueprint",
			"properties": {
				"m_fRadius": {
					"type": "float32",
					"value": 0.0729999989271164
				},
				"m_BoneName": { "type": "ZString", "value": "L_Calf" },
				"m_linkedEntity": {
					"type": "SEntityTemplateReference",
					"value": null
				},
				"m_mTransform": {
					"type": "SMatrix43",
					"value": {
						"rotation": { "x": -0.0, "y": 0.0, "z": -0.0 },
						"position": {
							"x": 0.1206519976258278,
							"y": -0.023719999939203262,
							"z": 9.000000318337698e-6
						}
					}
				},
				"m_eidParent": {
					"type": "SEntityTemplateReference",
					"value": "9e5aff04f6054963",
					"postInit": true
				}
			}
		},
		"8fab7aa7c04880cd": {
			"parent": "3083ca99ca262045",
			"name": "Part_Necklace",
			"factory": "[modules:/zbodypartentity.class].pc_entitytype",
			"blueprint": "[modules:/zbodypartentity.class].pc_entityblueprint",
			"properties": {
				"m_pMeshResource": {
					"type": "ZRuntimeResourceID",
					"value": {
						"resource": "002D8FA1FB2399C0",
						"flag": "5F"
					}
				}
			}
		},
		"aac4898738ac1819": {
			"parent": "3083ca99ca262045",
			"name": "Head_DianaBurnwood",
			"factory": "005DB9813C143CC6",
			"blueprint": "009CE194C93F3593"
		},
		"540bd1fcda1d06e4": {
			"parent": "9e5aff04f6054963",
			"name": "C_Foot_L",
			"factory": "[assembly:/templates/aspectdummy.aspect]([modules:/zclothsphere.class].entitytype,[modules:/zboneattachaspect.class].entitytype).pc_entitytype",
			"blueprint": "[assembly:/templates/aspectdummy.aspect]([modules:/zclothsphere.class].entitytype,[modules:/zboneattachaspect.class].entitytype).pc_entityblueprint",
			"properties": {
				"m_fRadius": {
					"type": "float32",
					"value": 0.08500000089406967
				},
				"m_BoneName": { "type": "ZString", "value": "L_Foot" },
				"m_linkedEntity": {
					"type": "SEntityTemplateReference",
					"value": null
				},
				"m_mTransform": {
					"type": "SMatrix43",
					"value": {
						"rotation": { "x": -0.0, "y": 0.0, "z": -0.0 },
						"position": {
							"x": 0.040098000317811966,
							"y": 0.005659999791532755,
							"z": 0.0
						}
					}
				},
				"m_eidParent": {
					"type": "SEntityTemplateReference",
					"value": "9e5aff04f6054963",
					"postInit": true
				}
			}
		},
		"db5bb16027305a42": {
			"parent": "5194c0a45ad2a638",
			"name": "ColliderGroup",
			"factory": "[modules:/zclothcollidergroup.class].pc_entitytype",
			"blueprint": "[modules:/zclothcollidergroup.class].pc_entityblueprint",
			"properties": {
				"m_ClothColliders": {
					"type": "TArray<SEntityTemplateReference>",
					"value": ["e828e4a344351831"],
					"postInit": true
				},
				"m_eidParent": {
					"type": "SEntityTemplateReference",
					"value": "5194c0a45ad2a638",
					"postInit": true
				}
			}
		},
		"a8c433e01eced4d4": {
			"parent": "9e5aff04f6054963",
			"name": "C_Pelvis_L",
			"factory": "[assembly:/templates/aspectdummy.aspect]([modules:/zclothsphere.class].entitytype,[modules:/zboneattachaspect.class].entitytype).pc_entitytype",
			"blueprint": "[assembly:/templates/aspectdummy.aspect]([modules:/zclothsphere.class].entitytype,[modules:/zboneattachaspect.class].entitytype).pc_entityblueprint",
			"properties": {
				"m_fRadius": {
					"type": "float32",
					"value": 0.10599999874830246
				},
				"m_BoneName": { "type": "ZString", "value": "Pelvis" },
				"m_linkedEntity": {
					"type": "SEntityTemplateReference",
					"value": null
				},
				"m_mTransform": {
					"type": "SMatrix43",
					"value": {
						"rotation": { "x": -0.0, "y": 0.0, "z": -0.0 },
						"position": { "x": 0.0, "y": 0.0, "z": 0.0 }
					}
				},
				"m_eidParent": {
					"type": "SEntityTemplateReference",
					"value": "9e5aff04f6054963",
					"postInit": true
				}
			}
		},
		"3083ca99ca262045": {
			"parent": null,
			"name": "OUTFIT_Llama_Unique_Diana_F_Actor_v0",
			"factory": "00AC7D0E02559124",
			"blueprint": "002F0446D90230BA",
			"properties": {
				"m_mTransform": {
					"type": "SMatrix43",
					"value": {
						"rotation": {
							"x": -0.0,
							"y": 0.0,
							"z": 2.645828112101431
						},
						"position": {
							"x": -2.512800931930542,
							"y": -3.890784978866577,
							"z": 0.004602999892085791
						}
					}
				},
				"m_pBonesAndCollisionResource": {
					"type": "ZRuntimeResourceID",
					"value": {
						"resource": "0097F69B78D93F12",
						"flag": "5F"
					}
				},
				"m_eBendConstrainType": {
					"type": "EClothBendConstrainType",
					"value": "eClothBendConstrainType_Stick"
				},
				"m_aBodyParts": {
					"type": "TArray<SEntityTemplateReference>",
					"value": [
						"aac4898738ac1819",
						"0f066ceee9b5c433",
						"d8f54a3260384bdf",
						"23658fd58ebfb23c",
						"f1633691045c7b12",
						"8220c3cb7cf156a3",
						"8fab7aa7c04880cd",
						"7fe6092e00cb8086"
					],
					"postInit": true
				}
			}
		},
		"eb3d078af9fd9d7a": {
			"parent": "9e5aff04f6054963",
			"name": "CChain_Legs",
			"factory": "[modules:/zclothspherechain.class].pc_entitytype",
			"blueprint": "[modules:/zclothspherechain.class].pc_entityblueprint",
			"properties": {
				"m_mTransform": {
					"type": "SMatrix43",
					"value": {
						"rotation": { "x": -0.0, "y": 0.0, "z": -0.0 },
						"position": {
							"x": -1.290655973207322e-7,
							"y": 2.171457902377938e-9,
							"z": 0.0
						}
					}
				},
				"m_Spheres": {
					"type": "TArray<SEntityTemplateReference>",
					"value": [
						"9274b7d6c0f159cf",
						"c7562e031ebb6b84",
						"88a4be70ea3b41da",
						"3002badc3b12d23a",
						"4b4099364ad23da1",
						"d310980f5c35d6ce",
						"379c1ab2ab4c1f0c",
						"a8c433e01eced4d4",
						"1fbf588e134dc9b7",
						"a193d581606bc681",
						"a11e934a38559b51",
						"7662e5f00af548f3",
						"540bd1fcda1d06e4",
						"435a1d183dd8ad28"
					],
					"postInit": true
				},
				"m_eidParent": {
					"type": "SEntityTemplateReference",
					"value": "9e5aff04f6054963",
					"postInit": true
				}
			}
		},
		"f1633691045c7b12": {
			"parent": "3083ca99ca262045",
			"name": "Part_Hair",
			"factory": "[modules:/zbodypartentity.class].pc_entitytype",
			"blueprint": "[modules:/zbodypartentity.class].pc_entityblueprint",
			"properties": {
				"m_pMeshResource": {
					"type": "ZRuntimeResourceID",
					"value": {
						"resource": "001855DE7F91AB29",
						"flag": "5F"
					}
				}
			}
		},
		"cd6b3b56fa90706e": {
			"parent": "5194c0a45ad2a638",
			"name": "C_Neck1",
			"factory": "[assembly:/templates/aspectdummy.aspect]([modules:/zclothsphere.class].entitytype,[modules:/zboneattachaspect.class].entitytype).pc_entitytype",
			"blueprint": "[assembly:/templates/aspectdummy.aspect]([modules:/zclothsphere.class].entitytype,[modules:/zboneattachaspect.class].entitytype).pc_entityblueprint",
			"properties": {
				"m_fRadius": {
					"type": "float32",
					"value": 0.05299999937415123
				},
				"m_BoneName": { "type": "ZString", "value": "Neck1" },
				"m_linkedEntity": {
					"type": "SEntityTemplateReference",
					"value": null
				},
				"m_mTransform": {
					"type": "SMatrix43",
					"value": {
						"rotation": { "x": -0.0, "y": 0.0, "z": -0.0 },
						"position": { "x": 0.0, "y": 0.0, "z": 0.0 }
					}
				},
				"m_eidParent": {
					"type": "SEntityTemplateReference",
					"value": "5194c0a45ad2a638",
					"postInit": true
				}
			}
		},
		"0f066ceee9b5c433": {
			"parent": "3083ca99ca262045",
			"name": "Shoes_Heels_Sandals_AnkleStraps",
			"factory": "006F8031BC9B3DCA",
			"blueprint": "00820B490ED58261",
			"properties": {
				"ConstantVector1D_01_Value": {
					"type": "float32",
					"value": 1.0
				},
				"Diffuse_Saturation_01_Value": {
					"type": "float32",
					"value": 0.0
				},
				"m_pMeshResource": {
					"type": "ZRuntimeResourceID",
					"value": {
						"resource": "00009BC2C3DCF58B",
						"flag": "5F"
					}
				}
			}
		},
		"a11e934a38559b51": {
			"parent": "9e5aff04f6054963",
			"name": "C_Knee_L",
			"factory": "[assembly:/templates/aspectdummy.aspect]([modules:/zclothsphere.class].entitytype,[modules:/zboneattachaspect.class].entitytype).pc_entitytype",
			"blueprint": "[assembly:/templates/aspectdummy.aspect]([modules:/zclothsphere.class].entitytype,[modules:/zboneattachaspect.class].entitytype).pc_entityblueprint",
			"properties": {
				"m_fRadius": {
					"type": "float32",
					"value": 0.0729999989271164
				},
				"m_BoneName": { "type": "ZString", "value": "L_Calf" },
				"m_linkedEntity": {
					"type": "SEntityTemplateReference",
					"value": null
				},
				"m_mTransform": {
					"type": "SMatrix43",
					"value": {
						"rotation": { "x": -0.0, "y": 0.0, "z": -0.0 },
						"position": {
							"x": -0.00825200043618679,
							"y": -0.005566000007092953,
							"z": 1.9999999949504854e-6
						}
					}
				},
				"m_eidParent": {
					"type": "SEntityTemplateReference",
					"value": "9e5aff04f6054963",
					"postInit": true
				}
			}
		},
		"46f49a2c189531b9": {
			"parent": "23658fd58ebfb23c",
			"name": "Mesh",
			"factory": "[assembly:/templates/aspectdummy.aspect]([modules:/zbodypartentity.class].entitytype,[modules:/zclothcollidergroupaspect.class].entitytype).pc_entitytype",
			"blueprint": "[assembly:/templates/aspectdummy.aspect]([modules:/zbodypartentity.class].entitytype,[modules:/zclothcollidergroupaspect.class].entitytype).pc_entityblueprint",
			"properties": {
				"m_pMeshResource": {
					"type": "ZRuntimeResourceID",
					"value": {
						"resource": "00E18EE24977C96B",
						"flag": "5F"
					}
				},
				"m_ClothColliders": {
					"type": "TArray<SEntityTemplateReference>",
					"value": ["9e5aff04f6054963"],
					"postInit": true
				}
			}
		},
		"23658fd58ebfb23c": {
			"parent": "3083ca99ca262045",
			"name": "Dress_Diana_Llama",
			"factory": "[modules:/zcompositeentity.class].pc_entitytype",
			"blueprint": "[modules:/zcompositeentity.class].pc_entityblueprint",
			"properties": {
				"m_mTransform": {
					"type": "SMatrix43",
					"value": {
						"rotation": {
							"x": -0.0,
							"y": 0.0,
							"z": 27.880110678191073
						},
						"position": {
							"x": 0.4279865026473999,
							"y": 3.463150978088379,
							"z": -0.024064000695943832
						}
					}
				},
				"m_eidParent": {
					"type": "SEntityTemplateReference",
					"value": "3083ca99ca262045"
				}
			},
			"exposedInterfaces": {
				"ZClothColliderGroupAspect": "46f49a2c189531b9",
				"ZBodyPartEntity": "46f49a2c189531b9"
			}
		},
		"88a4be70ea3b41da": {
			"parent": "9e5aff04f6054963",
			"name": "C_Calf_R",
			"factory": "[assembly:/templates/aspectdummy.aspect]([modules:/zclothsphere.class].entitytype,[modules:/zboneattachaspect.class].entitytype).pc_entitytype",
			"blueprint": "[assembly:/templates/aspectdummy.aspect]([modules:/zclothsphere.class].entitytype,[modules:/zboneattachaspect.class].entitytype).pc_entityblueprint",
			"properties": {
				"m_fRadius": {
					"type": "float32",
					"value": 0.0729999989271164
				},
				"m_BoneName": { "type": "ZString", "value": "R_Calf" },
				"m_linkedEntity": {
					"type": "SEntityTemplateReference",
					"value": null
				},
				"m_mTransform": {
					"type": "SMatrix43",
					"value": {
						"rotation": { "x": -0.0, "y": 0.0, "z": -0.0 },
						"position": {
							"x": 0.12065599858760834,
							"y": -0.02372400090098381,
							"z": 0.0
						}
					}
				},
				"m_eidParent": {
					"type": "SEntityTemplateReference",
					"value": "9e5aff04f6054963",
					"postInit": true
				}
			}
		},
		"77628616060273b8": {
			"parent": "5194c0a45ad2a638",
			"name": "C_Neck",
			"factory": "[assembly:/templates/aspectdummy.aspect]([modules:/zclothsphere.class].entitytype,[modules:/zboneattachaspect.class].entitytype).pc_entitytype",
			"blueprint": "[assembly:/templates/aspectdummy.aspect]([modules:/zclothsphere.class].entitytype,[modules:/zboneattachaspect.class].entitytype).pc_entityblueprint",
			"properties": {
				"m_fRadius": {
					"type": "float32",
					"value": 0.06499999761581421
				},
				"m_BoneName": { "type": "ZString", "value": "Neck" },
				"m_linkedEntity": {
					"type": "SEntityTemplateReference",
					"value": null
				},
				"m_mTransform": {
					"type": "SMatrix43",
					"value": {
						"rotation": { "x": -0.0, "y": 0.0, "z": -0.0 },
						"position": { "x": 0.0, "y": 0.0, "z": 0.0 }
					}
				},
				"m_eidParent": {
					"type": "SEntityTemplateReference",
					"value": "5194c0a45ad2a638",
					"postInit": true
				}
			}
		},
		"1fbf588e134dc9b7": {
			"parent": "9e5aff04f6054963",
			"name": "C_TighTop_L",
			"factory": "[assembly:/templates/aspectdummy.aspect]([modules:/zclothsphere.class].entitytype,[modules:/zboneattachaspect.class].entitytype).pc_entitytype",
			"blueprint": "[assembly:/templates/aspectdummy.aspect]([modules:/zclothsphere.class].entitytype,[modules:/zboneattachaspect.class].entitytype).pc_entityblueprint",
			"properties": {
				"m_fRadius": {
					"type": "float32",
					"value": 0.11500000208616255
				},
				"m_BoneName": {
					"type": "ZString",
					"value": "LThighTwist"
				},
				"m_linkedEntity": {
					"type": "SEntityTemplateReference",
					"value": null
				},
				"m_mTransform": {
					"type": "SMatrix43",
					"value": {
						"rotation": { "x": -0.0, "y": 0.0, "z": -0.0 },
						"position": {
							"x": -0.00007899999764049426,
							"y": 0.004656000062823296,
							"z": 0.04307800158858299
						}
					}
				},
				"m_eidParent": {
					"type": "SEntityTemplateReference",
					"value": "9e5aff04f6054963",
					"postInit": true
				}
			}
		},
		"093eb9d7a2ee69c2": {
			"parent": "9e5aff04f6054963",
			"name": "C_Spine",
			"factory": "[assembly:/templates/aspectdummy.aspect]([modules:/zclothcapsule.class].entitytype,[modules:/zboneattachaspect.class].entitytype).pc_entitytype",
			"blueprint": "[assembly:/templates/aspectdummy.aspect]([modules:/zclothcapsule.class].entitytype,[modules:/zboneattachaspect.class].entitytype).pc_entityblueprint",
			"properties": {
				"m_BoneName": { "type": "ZString", "value": "Spine" },
				"m_linkedEntity": {
					"type": "SEntityTemplateReference",
					"value": null
				},
				"m_fRadiusX": {
					"type": "float32",
					"value": 0.1599999964237213
				},
				"m_fRadiusY": {
					"type": "float32",
					"value": 0.10499999672174454
				},
				"m_fTop": {
					"type": "float32",
					"value": 0.009999999776482582
				},
				"m_fBottom": { "type": "float32", "value": 0.0 },
				"m_fRadiusZ": {
					"type": "float32",
					"value": 0.15000000596046448
				},
				"m_bEnableBottomRadii": { "type": "bool", "value": false },
				"m_fRadiusXBottom": { "type": "float32", "value": 1.0 },
				"m_fRadiusYBottom": { "type": "float32", "value": 1.0 },
				"m_fRadiusZBottom": { "type": "float32", "value": 1.0 },
				"m_mTransform": {
					"type": "SMatrix43",
					"value": {
						"rotation": {
							"x": -0.0,
							"y": 0.0,
							"z": -6.238075940418946
						},
						"position": {
							"x": -0.00035200000274926424,
							"y": -0.008709999732673168,
							"z": 0.0
						}
					}
				},
				"m_eidParent": {
					"type": "SEntityTemplateReference",
					"value": "9e5aff04f6054963",
					"postInit": true
				}
			}
		},
		"4669b5852b793b6a": {
			"parent": "9e5aff04f6054963",
			"name": "ColliderGroup",
			"factory": "[modules:/zclothcollidergroup.class].pc_entitytype",
			"blueprint": "[modules:/zclothcollidergroup.class].pc_entityblueprint",
			"properties": {
				"m_ClothColliders": {
					"type": "TArray<SEntityTemplateReference>",
					"value": [
						"eb3d078af9fd9d7a",
						"f9f50add20c1e762",
						"093eb9d7a2ee69c2"
					]
				},
				"m_eidParent": {
					"type": "SEntityTemplateReference",
					"value": "9e5aff04f6054963",
					"postInit": true
				}
			}
		},
		"4b4099364ad23da1": {
			"parent": "9e5aff04f6054963",
			"name": "C_TighMid_R",
			"factory": "[assembly:/templates/aspectdummy.aspect]([modules:/zclothsphere.class].entitytype,[modules:/zboneattachaspect.class].entitytype).pc_entitytype",
			"blueprint": "[assembly:/templates/aspectdummy.aspect]([modules:/zclothsphere.class].entitytype,[modules:/zboneattachaspect.class].entitytype).pc_entityblueprint",
			"properties": {
				"m_fRadius": {
					"type": "float32",
					"value": 0.10000000149011612
				},
				"m_BoneName": {
					"type": "ZString",
					"value": "RThighTwist1"
				},
				"m_linkedEntity": {
					"type": "SEntityTemplateReference",
					"value": null
				},
				"m_mTransform": {
					"type": "SMatrix43",
					"value": {
						"rotation": { "x": -0.0, "y": 0.0, "z": -0.0 },
						"position": {
							"x": -0.007317999843508005,
							"y": 0.015313999727368357,
							"z": -1.9999999949504854e-6
						}
					}
				},
				"m_eidParent": {
					"type": "SEntityTemplateReference",
					"value": "9e5aff04f6054963",
					"postInit": true
				}
			}
		},
		"e828e4a344351831": {
			"parent": "5194c0a45ad2a638",
			"name": "CChain_Neck",
			"factory": "[modules:/zclothspherechain.class].pc_entitytype",
			"blueprint": "[modules:/zclothspherechain.class].pc_entityblueprint",
			"properties": {
				"m_mTransform": {
					"type": "SMatrix43",
					"value": {
						"rotation": { "x": -0.0, "y": 0.0, "z": -0.0 },
						"position": { "x": 0.0, "y": 0.0, "z": 0.0 }
					}
				},
				"m_Spheres": {
					"type": "TArray<SEntityTemplateReference>",
					"value": [
						"77628616060273b8",
						"cd6b3b56fa90706e",
						"cd6b3b56fa90706e",
						"4f9f5477ce1d77ed"
					],
					"postInit": true
				},
				"m_eidParent": {
					"type": "SEntityTemplateReference",
					"value": "5194c0a45ad2a638",
					"postInit": true
				}
			}
		},
		"d8f54a3260384bdf": {
			"parent": "3083ca99ca262045",
			"name": "Gloves_Long",
			"factory": "007713EE2671C4DD",
			"blueprint": "002FC255ECFFD065",
			"properties": {
				"ConstantColorRGB_02_Value": {
					"type": "SColorRGB",
					"value": "#5e5e5e"
				},
				"ConstantVector1D_03_Value": {
					"type": "float32",
					"value": 0.20000000298023224
				},
				"ConstantVector1D_15_Value": {
					"type": "float32",
					"value": 1.0
				},
				"ConstantColorRGB_05_Value": {
					"type": "SColorRGB",
					"value": "#757575"
				}
			}
		},
		"2752d980ec2a0778": {
			"parent": "7fe6092e00cb8086",
			"name": "Mesh",
			"factory": "[assembly:/templates/aspectdummy.aspect]([modules:/zbodypartentity.class].entitytype,[modules:/zclothcollidergroupaspect.class].entitytype).pc_entitytype",
			"blueprint": "[assembly:/templates/aspectdummy.aspect]([modules:/zbodypartentity.class].entitytype,[modules:/zclothcollidergroupaspect.class].entitytype).pc_entityblueprint",
			"properties": {
				"m_pMeshResource": {
					"type": "ZRuntimeResourceID",
					"value": {
						"resource": "008192CD94C41E0E",
						"flag": "5F"
					}
				},
				"m_ClothColliders": {
					"type": "TArray<SEntityTemplateReference>",
					"value": ["5194c0a45ad2a638"],
					"postInit": true
				}
			}
		},
		"7fe6092e00cb8086": {
			"parent": "3083ca99ca262045",
			"name": "Earrings_Diana_Llama",
			"factory": "[modules:/zcompositeentity.class].pc_entitytype",
			"blueprint": "[modules:/zcompositeentity.class].pc_entityblueprint",
			"properties": {
				"m_mTransform": {
					"type": "SMatrix43",
					"value": {
						"rotation": { "x": -0.0, "y": 0.0, "z": -0.0 },
						"position": { "x": 0.0, "y": 0.0, "z": 0.0 }
					}
				},
				"m_eidParent": {
					"type": "SEntityTemplateReference",
					"value": "3083ca99ca262045"
				}
			},
			"exposedInterfaces": {
				"ZClothColliderGroupAspect": "2752d980ec2a0778",
				"ZBodyPartEntity": "2752d980ec2a0778"
			}
		},
		"379c1ab2ab4c1f0c": {
			"parent": "9e5aff04f6054963",
			"name": "C_Pelvis_R",
			"factory": "[assembly:/templates/aspectdummy.aspect]([modules:/zclothsphere.class].entitytype,[modules:/zboneattachaspect.class].entitytype).pc_entitytype",
			"blueprint": "[assembly:/templates/aspectdummy.aspect]([modules:/zclothsphere.class].entitytype,[modules:/zboneattachaspect.class].entitytype).pc_entityblueprint",
			"properties": {
				"m_fRadius": {
					"type": "float32",
					"value": 0.10599999874830246
				},
				"m_BoneName": { "type": "ZString", "value": "Pelvis" },
				"m_linkedEntity": {
					"type": "SEntityTemplateReference",
					"value": null
				},
				"m_mTransform": {
					"type": "SMatrix43",
					"value": {
						"rotation": { "x": -0.0, "y": 0.0, "z": -0.0 },
						"position": { "x": 0.0, "y": 0.0, "z": 0.0 }
					}
				},
				"m_eidParent": {
					"type": "SEntityTemplateReference",
					"value": "9e5aff04f6054963",
					"postInit": true
				}
			}
		},
		"c7562e031ebb6b84": {
			"parent": "9e5aff04f6054963",
			"name": "C_Foot_R",
			"factory": "[assembly:/templates/aspectdummy.aspect]([modules:/zclothsphere.class].entitytype,[modules:/zboneattachaspect.class].entitytype).pc_entitytype",
			"blueprint": "[assembly:/templates/aspectdummy.aspect]([modules:/zclothsphere.class].entitytype,[modules:/zboneattachaspect.class].entitytype).pc_entityblueprint",
			"properties": {
				"m_fRadius": {
					"type": "float32",
					"value": 0.08500000089406967
				},
				"m_BoneName": { "type": "ZString", "value": "R_Foot" },
				"m_linkedEntity": {
					"type": "SEntityTemplateReference",
					"value": null
				},
				"m_mTransform": {
					"type": "SMatrix43",
					"value": {
						"rotation": { "x": -0.0, "y": 0.0, "z": -0.0 },
						"position": {
							"x": 0.040098000317811966,
							"y": 0.005659999791532755,
							"z": 0.0
						}
					}
				},
				"m_eidParent": {
					"type": "SEntityTemplateReference",
					"value": "9e5aff04f6054963",
					"postInit": true
				}
			}
		},
		"9274b7d6c0f159cf": {
			"parent": "9e5aff04f6054963",
			"name": "C_Toe_R",
			"factory": "[assembly:/templates/aspectdummy.aspect]([modules:/zclothsphere.class].entitytype,[modules:/zboneattachaspect.class].entitytype).pc_entitytype",
			"blueprint": "[assembly:/templates/aspectdummy.aspect]([modules:/zclothsphere.class].entitytype,[modules:/zboneattachaspect.class].entitytype).pc_entityblueprint",
			"properties": {
				"m_fRadius": {
					"type": "float32",
					"value": 0.05999999865889549
				},
				"m_BoneName": { "type": "ZString", "value": "R_Foot" },
				"m_linkedEntity": {
					"type": "SEntityTemplateReference",
					"value": null
				},
				"m_mTransform": {
					"type": "SMatrix43",
					"value": {
						"rotation": { "x": -0.0, "y": 0.0, "z": -0.0 },
						"position": {
							"x": 0.08060900121927261,
							"y": 0.1423110067844391,
							"z": 0.0
						}
					}
				},
				"m_eidParent": {
					"type": "SEntityTemplateReference",
					"value": "9e5aff04f6054963",
					"postInit": true
				}
			}
		},
		"a193d581606bc681": {
			"parent": "9e5aff04f6054963",
			"name": "C_TighMid_L",
			"factory": "[assembly:/templates/aspectdummy.aspect]([modules:/zclothsphere.class].entitytype,[modules:/zboneattachaspect.class].entitytype).pc_entitytype",
			"blueprint": "[assembly:/templates/aspectdummy.aspect]([modules:/zclothsphere.class].entitytype,[modules:/zboneattachaspect.class].entitytype).pc_entityblueprint",
			"properties": {
				"m_fRadius": {
					"type": "float32",
					"value": 0.10000000149011612
				},
				"m_BoneName": {
					"type": "ZString",
					"value": "LThighTwist1"
				},
				"m_linkedEntity": {
					"type": "SEntityTemplateReference",
					"value": null
				},
				"m_mTransform": {
					"type": "SMatrix43",
					"value": {
						"rotation": { "x": -0.0, "y": 0.0, "z": -0.0 },
						"position": {
							"x": -0.007317000068724155,
							"y": 0.015313999727368357,
							"z": 9.999999974752427e-7
						}
					}
				},
				"m_eidParent": {
					"type": "SEntityTemplateReference",
					"value": "9e5aff04f6054963",
					"postInit": true
				}
			}
		},
		"3002badc3b12d23a": {
			"parent": "9e5aff04f6054963",
			"name": "C_Knee_R",
			"factory": "[assembly:/templates/aspectdummy.aspect]([modules:/zclothsphere.class].entitytype,[modules:/zboneattachaspect.class].entitytype).pc_entitytype",
			"blueprint": "[assembly:/templates/aspectdummy.aspect]([modules:/zclothsphere.class].entitytype,[modules:/zboneattachaspect.class].entitytype).pc_entityblueprint",
			"properties": {
				"m_fRadius": {
					"type": "float32",
					"value": 0.0729999989271164
				},
				"m_BoneName": { "type": "ZString", "value": "R_Calf" },
				"m_linkedEntity": {
					"type": "SEntityTemplateReference",
					"value": null
				},
				"m_mTransform": {
					"type": "SMatrix43",
					"value": {
						"rotation": { "x": -0.0, "y": 0.0, "z": -0.0 },
						"position": {
							"x": -0.008249999955296516,
							"y": -0.005566000007092953,
							"z": 9.999999974752427e-7
						}
					}
				},
				"m_eidParent": {
					"type": "SEntityTemplateReference",
					"value": "9e5aff04f6054963",
					"postInit": true
				}
			}
		},
		"435a1d183dd8ad28": {
			"parent": "9e5aff04f6054963",
			"name": "C_Toe_L",
			"factory": "[assembly:/templates/aspectdummy.aspect]([modules:/zclothsphere.class].entitytype,[modules:/zboneattachaspect.class].entitytype).pc_entitytype",
			"blueprint": "[assembly:/templates/aspectdummy.aspect]([modules:/zclothsphere.class].entitytype,[modules:/zboneattachaspect.class].entitytype).pc_entityblueprint",
			"properties": {
				"m_fRadius": {
					"type": "float32",
					"value": 0.05999999865889549
				},
				"m_BoneName": { "type": "ZString", "value": "L_Foot" },
				"m_linkedEntity": {
					"type": "SEntityTemplateReference",
					"value": null
				},
				"m_mTransform": {
					"type": "SMatrix43",
					"value": {
						"rotation": { "x": -0.0, "y": 0.0, "z": -0.0 },
						"position": {
							"x": 0.08060900121927261,
							"y": 0.14230099320411682,
							"z": 0.0
						}
					}
				},
				"m_eidParent": {
					"type": "SEntityTemplateReference",
					"value": "9e5aff04f6054963",
					"postInit": true
				}
			}
		},
		"d310980f5c35d6ce": {
			"parent": "9e5aff04f6054963",
			"name": "C_TighTop_R",
			"factory": "[assembly:/templates/aspectdummy.aspect]([modules:/zclothsphere.class].entitytype,[modules:/zboneattachaspect.class].entitytype).pc_entitytype",
			"blueprint": "[assembly:/templates/aspectdummy.aspect]([modules:/zclothsphere.class].entitytype,[modules:/zboneattachaspect.class].entitytype).pc_entityblueprint",
			"properties": {
				"m_fRadius": {
					"type": "float32",
					"value": 0.11500000208616255
				},
				"m_BoneName": {
					"type": "ZString",
					"value": "RThighTwist"
				},
				"m_linkedEntity": {
					"type": "SEntityTemplateReference",
					"value": null
				},
				"m_mTransform": {
					"type": "SMatrix43",
					"value": {
						"rotation": { "x": -0.0, "y": 0.0, "z": -0.0 },
						"position": {
							"x": -0.0000779999973019585,
							"y": 0.00459099980071187,
							"z": -0.03807299956679344
						}
					}
				},
				"m_eidParent": {
					"type": "SEntityTemplateReference",
					"value": "9e5aff04f6054963",
					"postInit": true
				}
			}
		},
		"9e5aff04f6054963": {
			"parent": "23658fd58ebfb23c",
			"name": "Collider",
			"factory": "[modules:/zcompositeentity.class].pc_entitytype",
			"blueprint": "[modules:/zcompositeentity.class].pc_entityblueprint",
			"properties": {
				"m_linkedEntity": {
					"type": "SEntityTemplateReference",
					"value": null
				},
				"m_mTransform": {
					"type": "SMatrix43",
					"value": {
						"rotation": { "x": -0.0, "y": 0.0, "z": -0.0 },
						"position": { "x": 0.0, "y": 0.0, "z": 0.0 }
					}
				},
				"m_eidParent": {
					"type": "SEntityTemplateReference",
					"value": "23658fd58ebfb23c"
				}
			},
			"propertyAliases": {
				"m_linkedEntity": [
					{
						"originalProperty": "m_linkedEntity",
						"originalEntity": "540bd1fcda1d06e4"
					},
					{
						"originalProperty": "m_linkedEntity",
						"originalEntity": "c7562e031ebb6b84"
					},
					{
						"originalProperty": "m_linkedEntity",
						"originalEntity": "093eb9d7a2ee69c2"
					},
					{
						"originalProperty": "m_linkedEntity",
						"originalEntity": "a11e934a38559b51"
					},
					{
						"originalProperty": "m_linkedEntity",
						"originalEntity": "f9f50add20c1e762"
					},
					{
						"originalProperty": "m_linkedEntity",
						"originalEntity": "3002badc3b12d23a"
					},
					{
						"originalProperty": "m_linkedEntity",
						"originalEntity": "a8c433e01eced4d4"
					},
					{
						"originalProperty": "m_linkedEntity",
						"originalEntity": "a193d581606bc681"
					},
					{
						"originalProperty": "m_linkedEntity",
						"originalEntity": "4b4099364ad23da1"
					},
					{
						"originalProperty": "m_linkedEntity",
						"originalEntity": "d310980f5c35d6ce"
					},
					{
						"originalProperty": "m_linkedEntity",
						"originalEntity": "1fbf588e134dc9b7"
					},
					{
						"originalProperty": "m_linkedEntity",
						"originalEntity": "379c1ab2ab4c1f0c"
					}
				]
			},
			"exposedInterfaces": {
				"ZClothCollider": "4669b5852b793b6a",
				"ZClothColliderGroup": "4669b5852b793b6a"
			}
		},
		"8220c3cb7cf156a3": {
			"parent": "3083ca99ca262045",
			"name": "Part_Body",
			"factory": "[modules:/zbodypartentity.class].pc_entitytype",
			"blueprint": "[modules:/zbodypartentity.class].pc_entityblueprint",
			"properties": {
				"m_pMeshResource": {
					"type": "ZRuntimeResourceID",
					"value": {
						"resource": "005AD576407200F2",
						"flag": "5F"
					}
				}
			}
		},
		"4f9f5477ce1d77ed": {
			"parent": "5194c0a45ad2a638",
			"name": "C_Head",
			"factory": "[assembly:/templates/aspectdummy.aspect]([modules:/zclothsphere.class].entitytype,[modules:/zboneattachaspect.class].entitytype).pc_entitytype",
			"blueprint": "[assembly:/templates/aspectdummy.aspect]([modules:/zclothsphere.class].entitytype,[modules:/zboneattachaspect.class].entitytype).pc_entityblueprint",
			"properties": {
				"m_fRadius": {
					"type": "float32",
					"value": 0.06300000101327896
				},
				"m_BoneName": { "type": "ZString", "value": "Head" },
				"m_linkedEntity": {
					"type": "SEntityTemplateReference",
					"value": null
				},
				"m_mTransform": {
					"type": "SMatrix43",
					"value": {
						"rotation": { "x": -0.0, "y": 0.0, "z": -0.0 },
						"position": {
							"x": 0.09684699773788452,
							"y": 0.020253999158740044,
							"z": 0.000015999999959603883
						}
					}
				},
				"m_eidParent": {
					"type": "SEntityTemplateReference",
					"value": "5194c0a45ad2a638",
					"postInit": true
				}
			}
		},
		"5194c0a45ad2a638": {
			"parent": "7fe6092e00cb8086",
			"name": "Collider",
			"factory": "[modules:/zcompositeentity.class].pc_entitytype",
			"blueprint": "[modules:/zcompositeentity.class].pc_entityblueprint",
			"properties": {
				"m_linkedEntity": {
					"type": "SEntityTemplateReference",
					"value": null
				},
				"m_mTransform": {
					"type": "SMatrix43",
					"value": {
						"rotation": { "x": -0.0, "y": 0.0, "z": -0.0 },
						"position": { "x": 0.0, "y": 0.0, "z": 0.0 }
					}
				},
				"m_eidParent": {
					"type": "SEntityTemplateReference",
					"value": "7fe6092e00cb8086"
				}
			},
			"propertyAliases": {
				"m_linkedEntity": [
					{
						"originalProperty": "m_linkedEntity",
						"originalEntity": "77628616060273b8"
					},
					{
						"originalProperty": "m_linkedEntity",
						"originalEntity": "cd6b3b56fa90706e"
					},
					{
						"originalProperty": "m_linkedEntity",
						"originalEntity": "4f9f5477ce1d77ed"
					}
				]
			},
			"exposedInterfaces": {
				"ZClothCollider": "db5bb16027305a42",
				"ZClothColliderGroup": "db5bb16027305a42"
			}
		}
	},
	"propertyOverrides": [],
	"overrideDeletes": [],
	"pinConnectionOverrides": [],
	"pinConnectionOverrideDeletes": [],
	"externalScenes": [],
	"subType": "template",
	"quickEntityVersion": 3.1,
	"extraFactoryDependencies": [
		{
			"resource": "[assembly:/_pro/characters/assets/_genericparts/female/formal_01/textures/female_formal_sandals_01.texture?/normal_a.tex](asnormalmap).pc_tex",
			"flag": "5F"
		},
		{
			"resource": "[assembly:/_pro/characters/assets/_genericparts/female/formal_01/textures/female_formal_sandals_01.texture?/specular_a.tex](ascolormap).pc_tex",
			"flag": "5F"
		},
		{
			"resource": "[assembly:/_pro/characters/assets/_genericparts/female/formal_01/textures/female_formal_sandals_01.texture?/diffuse_a.tex](ascolormap).pc_tex",
			"flag": "5F"
		},
		{ "resource": "0072585B1EBA0009", "flag": "5F" },
		{ "resource": "00410C089F251A6D", "flag": "5F" },
		{ "resource": "00F1FA877E58460B", "flag": "5F" },
		{ "resource": "00E9E17C2D785387", "flag": "5F" },
		{ "resource": "00539AB9C9A169CE", "flag": "5F" },
		{ "resource": "00C1D8298C2480C5", "flag": "5F" },
		{ "resource": "00B887B76BEA4985", "flag": "5F" }
	],
	"extraBlueprintDependencies": [],
	"comments": []
}
